Ticker,Industry,Website,Dividend Yield %,ROE %,Profit Margin %,Debt/Equity %,Revenue Growth %,Summary
BHG,Other Industrial Metals & Mining,https://www.bhp.com,3.93,24.0,16.73,50.47,18.3,"BHP Group Limited operates as a resources company in Australia, Europe, China, Japan, India, South Korea, rest of Asia, North America, and South America. The company operates through three segments: Copper, Iron Ore, and Coal. It explores for copper, iron, steelmaking coal, energy coal, nickel, potash, cobalt, sulphide, ammonium sulphate, silver, gold, molybdenum, uranium, and zinc deposits. The company is also involved in the services, marketing, trading, and finance businesses; potash, nickel, and copper development; mining, smelting, refining of nickel; and provision of towing, freight, administrative, and marketing support and other services. BHP Group Limited was founded in 1851 and is headquartered in Melbourne, Australia."
ANH,Beverages - Brewers,https://www.ab-inbev.com,1.77,11.39,14.9,71.88,11.0,"Anheuser-Busch InBev SA/NV produces and sells beer in North America, Middle Americas, South America, Europe, the Middle East, Africa, and the Asia Pacific. It operates through North America, Middle Americas, South America, EMEA, Asia Pacific, and Global Export and Holding Companies segments. The company also offers flavored malt beverages, soft drinks, spirit-based ready-to-drink cocktails and beverages, and energy drinks. In addition, it operates BEES, a business-to-business digital commerce platform; on-demand delivery platforms under the Zé Delivery and TaDa Delivery brands; and premium at-home draft system under the PerfectDraft brand. The company provides a portfolio of approximately 500 beer brands, which primarily include Budweiser, Corona Extra, Michelob Ultra, and Stella Artois; Aguila, Brahma, Carling Black Label, Cass Fresh, Jupiler, Quilmes, SKOL, and Victoria; Beck's, Hoegaarden, and Leffe; Antarctica, Bud Light, Castle, Castle Lite, Cristal, Harbin, Modelo Especial, Sedrin, and Skol brands, as well as non-beer brands comprising Brutal Fruit, Cutwater, and NÜTRL brands. The company was formerly known as InBev SA and changed its name to Anheuser-Busch InBev SA/NV in November 2008. Anheuser-Busch InBev SA/NV was founded in 1366 and is headquartered in Leuven, Belgium."
CFR,Luxury Goods,https://www.richemont.com,1.93,14.96,15.54,55.98,4.2,"Compagnie Financière Richemont SA, an investment holding company, engages in the luxury goods business. The company operates through Jewellery Maisons, Specialist Watchmakers, and Other segments. It is involved in the design, manufacture, and distribution of jewelry products, precision timepieces, watches, writing instruments, clothing, and leather goods and accessories. The company provides its products under the Cartier, Van Cleef & Arpels, Vhernier, Buccellati, A. Lange & Söhne, Baume & Mercier, IWC Schaffhausen, Jaeger-LeCoultre, Panerai, Piaget, Roger Dubuis, Vacheron Constantin, Alaïa, Chloé, Delvaux, dunhill, G/FORE, Gianvito Rossi, Montblanc, Peter Millar, Purdey, Serapian, Watchfinder&Co., TIMEVALLEE, and brand names through retail online retail, and wholesale distribution channels. It offers its products in France, the United Kingdom, Italy, Switzerland, rest of Europe, the United Arab Emirates, rest of the Middle East, Africa, China, Hong Kong, Macau, Japan, South Korea, rest of Asia, the United States, and rest of the Americas. The company was incorporated in 1979 and is headquartered in Bellevue, Switzerland."
BTI,Tobacco,https://www.bat.com,5.85,13.42,24.99,72.15,1.4,"British American Tobacco p.l.c. provides tobacco and nicotine products to consumers in the United States, Europe, Latin America, Canada, the Asia-Pacific, the Middle East, Central Asia, Caucasus, and Africa. The company offers vapour products; heated products, which consists of a battery-powered device and a plant-based substance consumable that is heated; modern oral products, such as nicotine pouches; combustibles, including cigarette sticks and other tobacco stick products; traditional oral products, such as snus and moist snuff; and fine cut/roll-your-own tobacco products. It sells its products under the Vuse, glo, Velo, Grizzly, Kodiak, Dunhill, Kent, Lucky Strike, Pall Mall, Rothmans, Newport, Natural American Spirit, and Camel Snus brands, as well as Vogue, Viceroy, Kool, Peter Stuyvesant, Craven A, and State Express 555 brands. The company distributes its products to retail outlets. British American Tobacco p.l.c. was founded in 1902 and is headquartered in London, the United Kingdom."
PRX,Internet Retail,https://www.prosus.com,0.78,22.21,,32.87,,"Prosus N.V. engages in the e-commerce and internet businesses in Asia, Europe, Latin America, North America, and internationally. It operates internet platforms, such as classifieds, payments and fintech, etail, food delivery, education technology, Etail, ventures, tencent, and other platforms. It also provides online food delivery service. The company was formerly known as Myriad International Holdings N.V. and changed its name to Prosus N.V. Prosus N.V. was incorporated in 1994 and is headquartered in Amsterdam, the Netherlands."
GLN,Other Industrial Metals & Mining,https://www.glencore.com,2.32,16.04,1.78,124.23,48.6,"Glencore plc engages in the production, refinement, processing, storage, transport, and marketing of metals and minerals, and energy products in the Americas, Europe, Asia, Africa, and Oceania. The company operates in two segments, Marketing Activities and Industrial Activities. It engages in the production and marketing of copper, cobalt, lead, nickel, zinc, chrome ore, ferrochrome, vanadium, aluminum, alumina, and iron ore; and coal, crude oil, refined products, and natural gas, as well as oil exploration and production and refining and distribution. The company is also involved in marketing and distributing physical commodities sourced from third party producers to industrial consumers, including the battery, electronic, construction, automotive, steel, energy, and oil industries. In addition, the company provides financing, logistics, and other services to producers and consumers of commodities. Glencore plc was founded in 1974 and is headquartered in Baar, Switzerland."
AGL,Other Industrial Metals & Mining,https://www.angloamerican.com,0.71,-3.08,-13.94,73.76,10.9,"Anglo American plc, a mining company, produces copper, iron ore, and crop nutrients in the United Kingdom and internationally. The company operates through the Premium Iron Ore and the Copper segments. It also explores for nickel, diamonds, steelmaking coal, and manganese ore. The company was founded in 1917 and is headquartered in London, the United Kingdom."
ANG,Gold,https://www.anglogoldashanti.com,4.66,44.73,32.2,16.68,27.0,"AngloGold Ashanti plc operates as a gold mining company in Africa, Australia, and the Americas. It explores for gold, as well as by-products, including silver and sulphuric acid. The company's flagship property includes 100% owned the Geita mine located in the Lake Victoria goldfields of the Geita region in northwestern Tanzania. AngloGold Ashanti plc was incorporated in 1944 and is headquartered in Greenwood Village, Colorado."
GFI,Gold,https://www.goldfields.com,4.85,58.68,38.65,28.56,78.9,"Gold Fields Limited operates as a gold producer with reserves and resources in South Africa, Ghana, Australia, Peru, Canada, and Chile. It also explores for gold, copper and silver deposits. Gold Fields Limited was founded in 1887 and is based in Sandton, South Africa."
NPN,Internet Retail,https://www.naspers.com,0.71,22.06,45.83,33.7,,"Naspers Limited operates as a consumer internet company in Africa, Asia, Europe, and internationally. The company operates internet platforms, such as classifieds, an online classifieds platform; Payments and Fintech, a mobile and online payment platform; Food Delivery, an online food ordering and delivery platforms; Edtech, an online educational technology platform; social and internet platforms; health; and Etail and other e-commerce platforms. It engages in printing, distribution, circulation, and publishing of newspapers, magazines, and books. Naspers Limited was incorporated in 1915 and is headquartered in Cape Town, South Africa."
FSR,Banks - Diversified,https://www.firstrand.co.za,6.04,17.14,28.19,,,"FirstRand Limited, together with its subsidiaries, provides transactional, lending, investment, and insurance products and services in South Africa, rest of Africa, the United Kingdom, and internationally. It operates in Retail and Commercial, and Corporate and Institutional segments. The company offers deposits and savings products; personal loans; and asset and invoice finance, as well as SME commercial, residential, and buy-to-let mortgages. It also provides life and short-term insurance products; and vehicle finance, instalment credit and fleet management, and corporate and investment banking services. In addition, the company offers asset management, as well as vehicle-related insurance services. Further, it provides franchise advisory, market risk management, capital market flow, and trading and structuring services. It serves retail and public sector customers, small and medium-sized enterprises, businesses, agricultural industry, medium corporates, and institutions. The company was incorporated in 1966 and is based in Sandton, South Africa."
CPI,Banks - Regional,https://www.capitecbank.co.za,1.78,30.5,39.68,,16.4,"Capitec Limited through its subsidiaries, provides various banking products and services in South Africa. The company operates through three segments: Personal banking, Business banking, and Insurance. It offers transactional banking services; flexible, notice, fixed, and tax-free savings; call and notice deposits; term, home, personal, vehicle, education, home improvement, business, term, medical, instalment, short-term, and mortgage loans; overdrafts, instalment sales and leases, credit and debit cards, and access facilities; and payment, merchant, forex, franchising, and value-added services. The company also provides treasury products comprising foreign exchange spot trades and foreign exchange forward contracts; insurance products, such as general, fleet, agricultural, engineering, motor traders, hospitality, contractors all risk, life, and credit insurance, as well as funeral cover insurance; and trade finance products, including letters of credit, trade guarantees, bills of collection, exchange control, and society for worldwide interbank financial telecommunication, as well as app and online banking. In addition, it offers vehicle and asset finance, property finance, rental finance, credit line products, and card machines. Capitec Limited was formerly known as Capitec Bank Holdings Limited and changed its name to Capitec Limited in August 2026. The company was incorporated in 1999 and is based in Stellenbosch, South Africa."
SBK,Banks - Regional,https://www.standardbank.com/sbg/standard-bank-group,5.89,19.01,28.87,,6.1,"Standard Bank Group Limited provides financial products and services in South Africa and internationally. It offers a range of onshore and offshore savings and investment; home and personal loans; forex solutions; transactional banking, including digital wallets, cards, payment and transfer platforms; private and digital banking; forex solutions; vehicle and asset finance; credit cards; and insurance solutions. The company also provides transactional banking; business lending; commercial asset finance; merchant, trade, fleet, and business solar solutions; specific solutions for clients in various sectors, such as agriculture, manufacturing, healthcare, and tourism; app and internet banking; international payments and forex; alternative funding options; and business resources and insurance. In addition, it offers advisory, transactional, trading, risk management, and funding solutions; and long and short-term insurance, health insurance, and asset management. Further, the company engages in trust or other fiduciary activities. The company was founded in 1862 and is headquartered in Johannesburg, South Africa."
MTN,Telecom Services,https://www.mtn.com,2.58,16.7,7.52,93.68,8.8,"MTN Group Limited, together with its subsidiaries, provides mobile telecommunications services in South Africa, Nigeria, South and East Africa, West and Central Africa, and the Middle East and North Africa. The company offers data, voice and SMS, interconnect, and roaming services; and sells mobile devices. It also provides digital and fintech services, such as value-added services, rich media services, insurance, airtime lending, in-store payments, remittances, prepaid services, and e-commerce services; and MTN Mobile Money fintech platform. In addition, the company offers managed network services, cloud, unified communications, internet of things, and security as a service; network as a services, including subsea cables, terrestrial and metro fibre, data centre and cable landing stations, and towers and radio access network assets; and marketplace solutions for government agencies, insurance firms, banking institutions, and SMEs. MTN Group Limited was incorporated in 1994 and is based in Johannesburg, South Africa."
VAL,Other Precious Metals & Mining,https://www.valterraplatinum.com,8.74,37.82,23.39,3.05,93.2,"Valterra Platinum Limited engages in the production and supply of platinum group metals, base metals, and precious metals in South Africa, Asia, Europe, North America, and internationally. The company produces platinum, palladium, rhodium, ruthenium, iridium, and osmium; and nickel, copper, cobalt sulphate, and chrome, as well as gold and sodium sulphate. It also provides fuel cell electric vehicles. The company was formerly known as Anglo American Platinum Limited and changed its name to Valterra Platinum Limited in May 2025. The company was incorporated in 1946 and is headquartered in Johannesburg, South Africa."
VOD,Telecom Services,https://www.vodacom.com,5.4,25.36,12.31,87.89,9.4,"Vodacom Group Limited provides communications products and services in South Africa, Egypt, Kenya, and internationally. The company offers voice, messaging, converged services, broadband, data connectivity, mobile financial services, and other value-added services. It also provides mobile and fixed line connectivity, Internet of Things technology, and cloud hosting and security services, as well as the SmartCitizen mobile application for e-government solutions. In addition, the company offers financial business solutions, including point of sales, business cash advance, group schemes, trading bridge, and business legal cover. Further, it provides personal financial solutions comprising the VodaPay mobile digital payments app; VodaSure, a short- and long-term insurance coverage for devices, emergency assistance, legal advice, life, and funeral; and VodaLend, a digital funding solution. The company was incorporated in 1993 and is headquartered in Midrand, South Africa. Vodacom Group Limited operates as a subsidiary of Vodafone Group Public Limited Company."
S32,Other Industrial Metals & Mining,https://www.south32.net,2.34,11.4,18.3,19.05,1.1,"South32 Limited operates as a diversified metals and mining company. The company operates through Sierra Gorda, Cannington, Hermosa, Australia Manganese, South Africa Manganese, and Mozal Aluminium segments. It explores for copper, silver, lead, zinc, manganese, and base metal deposits. The company has operations in Australia, Bahrain, Brazil, China, Italy, Japan, Mozambique, the Netherlands, South Africa, the United States, rest of Africa, rest of Asia, rest of Europe, rest of the Middle East, rest of North America, and rest of Oceania. South32 Limited was incorporated in 2000 and is headquartered in Perth, Australia."
HAR,Gold,https://www.harmony.co.za,4.91,48.05,29.57,12.57,49.2,"Harmony Gold Mining Company Limited engages in the exploration, extraction, and processing of mineral properties in South Africa, Papua New Guinea, and Australia. The company explores for gold, uranium, silver, and copper deposits. It has nine underground operations in the Witwatersrand Basin; the Kraaipan Greenstone Belt; and various surface source operations in South Africa. In addition, the company owns interests in the Hidden Valley, an open-pit gold and silver mine; and the Wafi-Golpu project located in Morobe Province in Papua New Guinea. Further, it holds interest in Eva Copper Project located in Queensland, Australia. Harmony Gold Mining Company Limited was incorporated in 1950 and is based in Randfontein, South Africa."
IMP,Other Precious Metals & Mining,https://www.implats.co.za,4.53,29.22,22.97,1.99,72.2,"Impala Platinum Holdings Limited engages in the mining, concentrating, refining, and sells of platinum group metals (PGMs) and associated base metals in South Africa, Zimbabwe, and Canada. The company produces platinum, palladium, rhodium, nickel, and by-products, as well as ruthenium, iridium, and gold. It has mining operations on the Bushveld Complex located in South Africa, the Great Dyke situated in Zimbabwe, as well as the Canadian Shield. The company was incorporated in 1957 and is based in Illovo, South Africa."
ABG,Banks - Regional,https://www.absa.africa,7.72,13.9,22.53,,4.8,"Absa Group Limited, together with its subsidiaries, provides retail, business, corporate, investment banking, insurance, financial, and wealth management products and services in South Africa and internationally. The company offers life and non-life insurance products; residential property-related finance solutions; mortgages; vehicle and asset finance products and services; cash, debit, credit and prepaid cards; personal loans; corporate, relationship, and transactional banking services; mobile payments; and savings and investment products and services. It also provides insurance and financial advisory, stockbroking and portfolio management, and trust administrative services. In addition, the company offers trade and working capital, cash management, payment, and liquidity products and solutions; and investment banking, private equity and infrastructure investment, and commercial property financing services. Further, it provides broker-dealer trading in debt and equity securities; and solicitation, syndication, selling, and arranging of equity and debt products, as well as financial, leasing, and management services. The company was formerly known as Barclays Africa Group Limited and changed its name to Absa Group Limited in May 2018. Absa Group Limited was incorporated in 1986 and is based in Johannesburg, South Africa."
DSY,Insurance - Life,https://www.discovery.co.za,1.46,17.82,15.85,22.74,9.9,"Discovery Limited provides various insurance products and services primarily in South Africa and the United Kingdom. It operates through the SA Health, SA Life, SA Invest, SA Insure, SA Bank, UK Health, UK Life, and All Other segments. The company offers health, life, car, travel, business, and home insurance; motor, building, household content, and portable possessions insurance; private medical insurance; and commercial short-term risk insurance. It also provides pension and provident fund solutions; managed care services; financial solutions; investment products; retail banking solutions, including deposits and loans and advances; and Vitality, which offers health and lifestyle benefits. The company was formerly known as Discovery Holdings Limited and changed its name to Discovery Limited in December 2012. Discovery Limited was founded in 1992 and is based in Sandton, South Africa."
SHP,Department Stores,https://www.shopriteholdings.co.za,2.71,25.37,2.93,166.46,8.0,"Shoprite Holdings Ltd, an investment holding company, engages in the food retail and wholesale business in South Africa and internationally. It operates through four segments: Supermarkets RSA, Supermarkets Non-RSA, and Other Operating segments. The company also offers clothing, general merchandise, cosmetics, and liquor products. In addition, it distributes various pharmaceutical products and surgical equipment to pharmacies, hospitals, clinics, dispensing doctors, and veterinary surgeons. In addition, it operates furniture stores retailing products, such as furniture, household appliances, and home entertainment systems. The company operates stores under the Shoprite, Checkers, Checkers Hyper, Usave, Checkers Foods, OK Furniture, House & Home, Shoprite LiquorShop, OK Franchise, Checkers LiquorShop, MediRite, UNIQ, Petshop Science, Checkers Outdoor, Transpharm, Checkers Little Me, Freshmark, Red Star Wholesale, Rainmaker, K'nect, Shoprite Send, Shoprite Cash & Carry, Computicket, Pingo, Shoprite Sixty60 and Checkers Sixty60 brands. The company also operates franchise stores. Further, it provides ticketing, and car rental and accommodation services; stadium management, capacity management, travel management, and access control solutions; and credit financing, financial, and treasury management services. Additionally, it invests in properties; and sells products to franchisees under drop-shipment arrangements. Shoprite Holdings Ltd was incorporated in 1936 and is based in Brackenfell, South Africa."
SLM,Insurance - Life,https://www.sanlamonline.co.za,5.97,19.93,8.15,18.97,-11.3,"Sanlam Limited provides various financial services in South Africa, Pan-Africa, Asia, and internationally. The company operates through Sanlam Life and Savings; Pan-Africa; Asia; Sanlam Investments; and Santam segments. It offers life, disability, severe illness, income protection, funeral, credit life, health solutions, and cancer coverage; and corporate insurance solutions, including group risk, life, disability, severe and critical illness, and funeral insurance. The company also provides financial planning services; retirement solutions, such as saving for retirement, retirement preservation, retirement fund members, and two-pot retirement; investments for education planning, unit trusts, and tax-free savings; credit solutions, such as personal and home loans, online shopping credit, and same day express loan; and Sanlam reality programs. In addition, it offers consulting and advisory; health solutions comprising wellness, employee assistance programs, occupational health programme, primary healthcare, and onsite clinics; individual health solutions which includes medical aid, gap cover, and primary care; business assurance and commercial insurance; medium, small and micro enterprises development services, such as access to funding, business skills, development support, financial solutions, and access to markets. The company serves individual and institutional clients, as well as entry-level, middle-income market, and high net worth clients. Sanlam Limited was incorporated in 1918 and is headquartered in Bellville, South Africa."
BID,Food Distribution,https://www.bidcorpgroup.com,2.81,18.81,3.69,48.63,-1.5,"Bid Corporation Limited operates as a foodservice distributor in the United Kingdom, Australia, the Netherlands, Italy, Czech Republic, New Zealand, Belgium, South Africa, the People's Republic of China, Hong Kong, and internationally. The company engages in supplying frozen, ambient, and chilled products to caterers and foodservice businesses; fresh food to hospitality, institutional, catering, and retail sectors; premium ice cream and texture-modified meals for people with swallowing difficulties; and proteins, dairy, charcuterie, and specialty products to hotels, international restaurant groups, and fine-dining establishments. It is also involved in buying business; trading and marine services; meat, poultry, and dairy manufacturing and distribution; and bakery ingredients and equipment business. Bid Corporation Limited was founded in 1988 and is headquartered in Johannesburg, South Africa."
SOL,Specialty Chemicals,https://www.sasol.com,,8.82,4.47,65.33,17.9,"Sasol Limited operates as a chemical and energy company in South Africa, Mozambique, the United States, Europe, and internationally. It offers bitumen, industrial heating fuels, naphtha, lubricants and lubricant base oils, liquefied petroleum gas, automotive and industrial lubricants, greases, cleansers and degreasers, automotive fuels, and burner fuels, as well as illuminating paraffin transport fuels, such as petrol, diesel, and jet fuels. The company also provides methane rich and natural gas; leaners and degreasers; hydrocarbon liquid fuel; specialty gas, butane, and propane; gasoline, kerosene (jet fuel), olefins, alcohols, polymers, solvents, surfactants, co-monomers, ammonia, methanol, crude tar acids, sulphur, and fuel oil; gas to liquid fuel; sustainable aviation fuel; and other fuels, as well as engages in the wholesale of motor fuels. In addition, it is involved in engineering, research and development, and technology transfer; management of cash resources, investments, and procurement of loans; development and implementation of international gas to liquid and CTL ventures; marketing of fuels and lubricants; production, trading, and transportation of oil products, petrochemicals and chemical products, and derivatives; and coal mining activities. The company serves adhesives, agriculture and forestry, automotive and transportation, aviation, burner fuels, chemicals, construction and materials, corrosion protection, electrical and electronics, flavors and fragrances, furniture, health and medical, household and consumer goods, industrial products, lubricants, manufacturing, mining, packaging, paints and coatings, personal care, pharmaceuticals, plastics and polymers, publishing and inks, pulp and paper, rubber and tires, specialty graphite, steel and foundry, textile and leather, water treatment, and other industries. Sasol Limited was founded in 1950 and is based in Sandton, South Africa."
NED,Banks - Regional,https://www.nedbank.co.za,7.36,8.03,14.34,,4.8,"Nedbank Group Limited, together with its subsidiaries, provides various wholesale and retail banking services in South Africa, rest of Africa, Europe, Asia, the United States, and internationally. The company operates through Nedbank Corporate and Investment Banking; Nedbank Business and Commercial Banking; Nedbank Personal and Private Banking; Nedbank Africa Regions; and Centre segments. It offers lending products, advisory services, leverage financing, trading, brokering, structuring, hedging, and client coverage; corporate finance advisory, innovative financial products and services, customised transactional banking, asset management, and commercial property finance; transactional accounts, home loans, vehicle and asset finance, card services, personal loans, insurance and investments; Wealth services include trust and estate planning, stockbroking, and financial planning, as well as tailored banking and services; and franchising and manufacturing industries and public sector. The company also provides life and non-life insurance; asset management; trust and estate planning, stockbroking, and financial planning wealth management services. In addition, it offers capital management, funding, and liquidity risk management. The company was formerly known as Nedcor Limited and changed its name to Nedbank Group Limited in 2005. Nedbank Group Limited was founded in 1831 and is headquartered in Sandton, South Africa."
OUT,Insurance - Diversified,https://www.outsurance.co.za,3.46,38.45,12.99,3.35,6.3,"OUTsurance Group Limited, a financial services company, provides insurance and investment products in South Africa, Australia, and Ireland. It operates through Personal Insurance; Business Insurance; Youi CTP; OUTsurance Central; OUTsurance Ireland; and Life Insurance segments. The company offers short term insurance products for motor vehicle, pets, personal accident, engineering, movable and immovable property, agricultural, and stock in transit; long term insurance products, including life, death, disability, funeral, retrenchment, endowment insurance policies. It also engages in reinsurance business. In addition, it owns a portfolio of Fintech investments and investments in asset management entities. The company serves individuals and small and medium-sized businesses. The company was formerly known as Rand Merchant Investment Holdings Limited and changed its name to OUTsurance Group Limited in December 2022. OUTsurance Group Limited was founded in 1998 and is based in Centurion, South Africa."
SSW,Other Precious Metals & Mining,https://www.sibanyestillwater.com,7.67,34.73,9.8,63.1,64.3,"Sibanye Stillwater Limited, together with its subsidiaries, operates as a precious metals mining company in South Africa, the United States, Europe, and Australia. The company produces platinum group metals (PGMs), platinum, palladium, rhodium, ruthenium, iridium, gold, lithium, zinc, nickel, copper, and silver. Sibanye Stillwater Limited was founded in 2013 and is headquartered in Weltevredenpark, South Africa."
REM,Asset Management,https://www.remgro.com,2.87,1.46,2.82,3.86,-1.2,"Remgro Limited is a principal investment firm. The firm prefers to invest in healthcare, financial services, consumer products, infrastructure, industrial, food, liquor and home care, banking, insurance, industrial, information technology infrastructure services, media, and sport. It considers investments in Africa, UAE, UK, Switzerland, South Africa, and other international countries though investee companies. The firm typically invests in companies with significant influence and board representation. It mainly focuses on the provision of support rather than on being involved in the day-to-day management of business units of investees. Remgro Limited was founded in 1948 and is based in Stellenbosch, South Africa with an additional office in Stellenbosch, South Africa."
NPH,Other Precious Metals & Mining,https://www.northam.co.za,7.52,37.21,25.71,26.07,67.4,"Northam Platinum Holdings Limited, through its subsidiary, Northam Platinum Limited, engages in the production and sale of platinum group metals. The company explores for platinum, palladium, rhodium, gold, iridium, ruthenium, nickel, copper, and chrome deposits. It holds interests in the Booysendal mine located on the eastern limb of the Bushveld complex; the Zondereinde mine located in the northern end of the western limb of the Bushveld complex; and the Eland mine located in the south-eastern portion of the western limb of the Bushveld complex. The company also offers recovery services. Northam Platinum Holdings Limited was incorporated in 2020 and is based in Johannesburg, South Africa."
NRP,Real Estate - Diversified,https://www.nepirockcastle.com,7.45,10.3,54.5,65.87,4.3,"NEPI Rockcastle N.V. is a public limited company domiciled in the Netherlands, with registration number at the Dutch Chamber of Commerce 87488329. The Company's shares are listed on the Main Board of the JSE Limited, Euronext Amsterdam and A2X. NEPI Rockcastle is the premier owner and operator of shopping centres in Central and Eastern Europe. The Group benefits from a highly-skilled internal management team which combines asset management, development, investment, leasing and financial expertise. NEPI Rockcastle N.V. registered office at Strawinskylaan 563, WTC Zuidas, Tower Ten, 5th Floor, 1077 XX Amsterdam. Rockcastle N.V. was established in 2007 and was incorporated in Netherlands."
INP,Capital Markets,https://www.investec.com,6.2,12.37,34.07,,9.4,"Investec Group provides various financial products and services in South Africa, the United Kingdom, and internationally. It operates through four segments: Wealth & Investment, Private Banking, Corporate and Investment Banking and Other, and Group Investments. The Wealth & Investment segment offers wealth management and investment services to high-net-worth individuals, families, charities, and trusts. The Private Banking segment provides lending solutions, transactional banking, savings, bespoke foreign exchange, property finance, leverage finance, travel, insurance, legacy services, investments, trading, and offshore banking. The Corporate and Investment Banking segment delivers lending, advisory, and risk management services to corporate clients, private companies, private equity, listed companies, state-owned enterprises, public sector bodies, institutions, and intermediaries, including central treasury, and liability management. The Group Investments segment manages assets separated from core banking activities, including franchise businesses and standalone asset values. The company offers insurance solutions comprising severe illness, disability, life, mortgage and income protection, and business overloads. It also offers business banking solutions, such as trade and debtor, asset and leverage, structured property, technology asset, supply chain, and medical practice financing services, as well as financing for corporate and private equity firms. In addition, the company provides the company provides advisory; treasury and risk management for foreign exchange, commodities, interest rates, liquidity management, and equity structuring; fixed-income instruments; execution and custody solutions for institutions, hedge funds, corporates, and intermediaries; securities lending; and clearing services. Investec Group was founded in 1974 and is based in Sandton, South Africa."
RNI,Asset Management,https://www.reinet.com,1.85,-3.65,0.0,,,"Reinet Investments S.C.A. operates as an investment entity and securitization vehicle in Luxembourg. The company, through its subsidiary, Reinet Fund S.C.A., F.I.S., identifies and invests in assets that offer long-term growth. Reinet Investments Manager S.A. operates as a general partner of Reinet Investments S.C.A. The company was formerly known as Richemont S.A. and changed its name to Reinet Investments S.C.A. in October 2008. Reinet Investments S.C.A. was incorporated in 1979 and is based in Luxembourg, Luxembourg."
MNP,Paper & Paper Products,https://www.mondigroup.com,1.51,-4.68,-3.36,55.98,1.7,"Mondi plc, together with its subsidiaries, engages in the manufacture and sale of packaging and paper solutions in Africa, Western Europe, Emerging Europe, North America, South America, Asia, and Australia. The company operates through Corrugated Packaging, and Flexible Packaging segments. The Corrugated Packaging segment provides virgin and recycled containerboards for fresh fruit packaging and heavy and fragile goods transport packaging applications; and corrugated solutions, such as corrugated boxes and packaging products. The Flexible Packaging segment offers sack kraft paper, paper bags, specialty kraft paper, consumer flexibles, and functional paper and films. The Uncoated Fine Paper segment provides uncoated fine paper, including home, office, converting, and professional printing papers; and market pulp. The company was incorporated in 2007 and is based in Weybridge, the United Kingdom."
BVT,Conglomerates,https://www.bidvest.co.za,4.28,15.41,4.72,96.23,2.2,"The Bidvest Group Limited, an investment holding company, operates in the services, trading, and distribution industries in South Africa and internationally. It manufactures, markets, distributes, and supplies a range of healthcare products to private and public sectors; retails motors online; develops systems; operates in the vehicle auctioneering, testing, inspection, and certification sectors; and manufactures and trades power tools, strapping, forklifts, ovens, embroidery and sewing machines, tapes under the Hitachi, Signode, Unicarriers, Rational, Tajima, Juki, and Tesa brands. The company is involved in the supply of bathroom and plumbing products under the Plumblink brand; distribution of electrical cable and allied products for the industrial, mining, contractor, construction, engineering, and retail sectors; facilitation of storage, handling, and movement of cargo via ocean freight, air freight, road, and rail; and supply of stationery, paper or printer cartridges, and packaging, and data services. In addition, it offers short-term insurance products and insurance broking services on vehicle insurance cover and related value-added products; motor vehicle accessories under the Moto Quip brand; camping and outdoor equipment under the Leisure Quip brand; terminal operations and support, international clearing and freight forwarding, integrated logistics, supply chain solutions, and marine and insurance services; and luggage and travel accessories. Further, the company engages in hygiene, cleaning, and facilities management business; owning, management, and development of property; and provision of security, laundry, landscaping, food, travel, cargo and aviation, office water, and coffee vending services, as well as professional property services and consulting. The company was incorporated in 1946 and is headquartered in Johannesburg, South Africa."
KIO,Steel,https://www.angloamericankumba.com,10.28,21.71,17.54,0.25,-10.6,"Kumba Iron Ore Limited, together with its subsidiaries, engages in the exploration, extraction, beneficiation, marketing, sale, and shipping of iron ore for the steel industry in South Africa. It operates through Products  Sishen Mine, Products  Kolomela Mine, Services  Logistics, and Services  Shipping Operations segments. The company produces iron ore at its flagship Sishen mine located near the town of Kathu in the Northern Cape province; and its Kolomela mine located near Postmasburg in the Northern Cape province. It is also involved in the operation of a port in Saldanha Bay in the Western Cape province; and provision of iron ore logistics services through rail, as well as shipping services. The company exports its products to China, Japan, India, South Korea, rest of Asia, Europe, the Middle East, North Africa, rest of Africa, and rest of the Americas. The company was incorporated in 2005 and is headquartered in Johannesburg, South Africa. Kumba Iron Ore Limited is a subsidiary of Anglo South Africa (Pty) Ltd."
APN,Drug Manufacturers - Specialty & Generic,https://www.aspenpharma.com,1.46,-1.07,7.59,19.37,-16.9,"Aspen Pharmacare Holdings Limited, together with its subsidiaries, operates as a specialty and branded pharmaceutical company in Africa, the Middle East, Europe, CIS, Australasia, Asia, and the Americas. It operates through Commercial Pharmaceuticals and Manufacturing segments. The company offers sterile products in injectable form primarily administered in hospitals and prescribed and administered by physicians or in a retail pharmacy environment for therapeutic areas, such as anesthetics, anticoagulants, antithrombotic agents, analgesics, and hormone replacement medicines under the Arixtra, Diprivan, Fraxiparine, Sandostatin, Sustanon, and Xylocaine brands. It also provides over-the-counter topical products through retail pharmacy and fast-moving consumer goods sectors under the EMLA, Maltofer, Ovestin, Solpadeine, and Xylocaine brands; and prescription products for therapeutic areas, including anti-inflammatories, immunosuppressants, hypothyroidism, anti-gout, analgesics, and corticosteroids under the Eltroxin, Imuran, Lipitor, Lyrica, and Meticorten brands. In addition, the company manufactures active pharmaceutical ingredients; finished dose form products manufactured for third parties; and heparin-based API to third parties. Further, it exports its products. Aspen Pharmacare Holdings Limited was founded in 1850 and is headquartered in Durban, South Africa."
PPH,Department Stores,https://pepkor.co.za,2.92,9.58,5.84,52.7,13.2,"Pepkor Holdings Limited, together with its subsidiaries, operates as a retailer in Angola, Botswana, Brazil, Eswatini, Lesotho, Malawi, Mozambique, Namibia, South Africa, and Zambia. The company offers discount, value, and specialized goods, as well as retail clothing, general merchandise, footwear, household goods, furniture, appliances, consumer electronics, and cellular products and services. It also provides financial and fintech services, including credit, lending, insurance, and connectivity options. The company was formerly known as Steinhoff Africa Retail Limited and changed its name to Pepkor Holdings Limited in August 2018. Pepkor Holdings Limited was founded in 1901 and is based in Cape Town, South Africa."
PAN,Gold,https://www.panafricanresources.com,2.8,45.1,30.89,5.85,90.9,"Pan African Resources PLC engages in the mining, extraction, production, and sale of gold in South Africa. The company also explores for copper and cobalt deposits. Its flagship project is the Elikhulu operation retreatment plant, located in Mpumalanga, South Africa. Pan African Resources PLC is headquartered in Johannesburg, South Africa."
OMU,Financial Conglomerates,https://www.oldmutual.com,6.97,14.1,7.16,29.28,-6.5,"Old Mutual Limited, together with its subsidiaries, provides financial solutions to retail and corporate customers in South Africa and rest of Africa. It operates through Old Mutual Life and Savings, Old Mutual Investments, Old Mutual Banking, Old Mutual Insure, Old Mutual Africa Regions, and Other Group Activities segments. The company offers risk, savings, investment, lending, and income products; simple financial solutions for low- to lower-middle income customers; financial advice and tailored investment for middle-income and high-net-worth individuals; and employee benefits and business solutions for SMEs. It is also involved in listed asset management, Old Mutual alternative investment, and specialized finance businesses; and provision of banking and lending services, including micro lending. In addition, the company provides banking services to customers in the low-income and lower-middle income markets; non-life insurance products through multiple channels; and life and savings, as well as property and casualty, including health insurance products. Further, it offers personal loans and debt consolidation loans; and Money Account, a low-cost transactional account and unit trust savings account. Old Mutual Limited was founded in 1845 and is based in Cape Town, South Africa."
GRT,REIT - Diversified,https://www.growthpoint.co.za,8.39,9.97,58.68,70.64,-7.8,"Growthpoint Properties Limited is an international property company that provides space to thrive incorporating innovative and sustainable property solutions. Growthpoint is the largest South African (SA) primary JSE-listed REIT with a quality portfolio of 492 properties across three major business units: Directly held  SA portfolio, Offshore investments, Third-party fund management business  Growthpoint Investment Partners (GIP). Growthpoint Properties Limited was incorporated on 12th October 1987 in South Africa."
QLT,Asset Management,https://plc.quilter.com,3.57,8.56,0.88,19.46,160.8,"Quilter plc provides advice-led investment solutions in the United Kingdom and internationally. It operates through High Net Worth and Affluent segments. The High Net Worth segment provides discretionary investment management services to high-net worth clients, charities, companies, and institutions through a network of branches; and financial advice services for protection, mortgages, savings, investment, and pensions primarily to high-net-worth clients. Its Affluent segment comprises Quilter Investment Platform, an investment platform for advice-based wealth management products and services; Quilter Investor, which offers investment solutions in the form of funds for the group and third-party clients; and Quilter Financial planning, a restricted and independent financial adviser network that provides mortgage and financial planning advice, and solution for individuals and business through a network of intermediaries. The company was incorporated in 2007 and is based in London, the United Kingdom."
PHP,REIT - Healthcare Facilities,https://www.phpgroup.co.uk,7.97,8.05,43.32,131.37,118.9,"Primary Health Properties PLC (PHP) is a UK Real Estate Investment Trust and leading investor in modern primary healthcare premises. We invest in flexible, modern properties for local primary healthcare. The overall objective of the group is to create progressive returns to shareholders through a combination of earnings growth and capital appreciation. To achieve this, PHP invests in healthcare real estate let on long-term leases, backed by secure underlying covenants where the majority of rental income is funded directly or indirectly by a government body. Primary Health Properties Plc was incorporated in 1994 in United Kingdom."
MTM,Insurance - Diversified,https://www.momentumgroupltd.co.za,6.16,20.06,10.38,33.05,6.3,"Momentum Group Limited, together with its subsidiaries, provides insurance and financial services in South Africa and internationally. It operates through Momentum Retail, Momentum Investments, Metropolitan Life, Momentum Corporate, Momentum Health, Guardrisk, Momentum Insure, Momentum Africa, India, and Shareholders segments. The company offers long and short-term insurance; employee benefits; asset management, property management, investments, and savings; health administration services, such as managed care and wellness services. It also provides insurance products, such as life, non-life, health, and annuities and structured products. The company operates under the Metropolitan, Momentum, Guardrisk, Eris, and other brands. The company was formerly known as Momentum Metropolitan Holdings Limited. Momentum Group Limited is headquartered in Centurion, South Africa."
CLS,Pharmaceutical Retailers,https://www.clicksgroup.co.za,4.27,53.34,6.72,72.38,7.4,"Clicks Group Limited, together with its subsidiaries, operates as a health, wellness, and beauty retailer in South Africa and internationally. The company operates through two segments, Retail and Distribution. It provides retail, including Clicks, a specialist health, beauty and homeware retailer; Sorbet, a franchise of hair and beauty salons; 180 Degrees Marketing, a software development company; and The Body shop, which specializes in naturally inspired luxury toiletries, cosmetics, gifting and grooming, with stores. The company also offers various ranges of mother-and-baby products, including baby hardware, accessories, health, food, diaper and wipes, and baby toiletries under the Clicks Baby brand; and diabetic clinic, travel clinic, and wound management practice under the M-KEM brand. In addition, the company is involved in the wholesale and supply of pharmaceutical products to retail pharmacies, private hospitals, dispensing doctors, and retail health stores under the UPD brand. The company was formerly known as New Clicks Holdings Limited and changed its name to Clicks Group Limited in June 2009. Clicks Group Limited was founded in 1968 and is headquartered in Cape Town, South Africa."
SNT,Insurance - Specialty,https://www.santam.co.za,4.31,32.97,6.63,57.28,8.9,"Santam Ltd, together with its subsidiaries, provides various general insurance products and services to individuals, commercial, and corporate markets in South Africa, rest of Africa, and internationally. It offers personal insurance, such as car insurance, home, contents insurance, building insurance, all risk insurance, watercraft insurance, drone insurance, travel insurance, and personal legal insurance; business insurance, including motor insurance, property insurance, small, business insurance, liability insurance, business legal insurance, and industry specific products. The company also provides insurance for specialized risks comprising accident and health, aviation, business travel insurance, casualty, cell captive, commercial drone, construction and engineering, corporate property, crop insurance, emerging business, family protect, heavy haulage, legal insurance, marine, motor fleets, private client, and structured insurance. In addition, it offers insurance for agriculture consisting of asset insurance, crop insurance, and agriculture legal insurance; guest house insurance; and tourism, leisure and entertainment, and reinsurance insurance. The company was incorporated in 1918 and is headquartered in Bellville, South Africa. Santam Ltd operates as a subsidiary of Sanlam Life Insurance Limited."
HMN,REIT - Retail,https://www.hammerson.com,5.38,10.56,67.48,86.37,39.9,"Hammerson Plc is the largest UK-listed, pure-play owner and manager of prime retail and leisure anchored city destinations across the UK, France and Ireland. We own, manage and invest in landmark city destinations integrating retail, leisure and community hubs to meet evolving customer and occupier needs while delivering sustainable long-term growth for our stakeholders. Our 10 city locations rank in the top 20 of all retail venues across our geographies and in the top 1% where retail spend is concentrated. Our catchment reach of 40 million people attracts 170 million visitors per annum, generating 3 billion Pounds of sales for our brand partners. Hammerson Plc was incorporated in 1942 in United Kingdom."
RDF,REIT - Diversified,https://www.redefine.co.za,7.22,11.39,55.64,75.2,3.7,"Redefine Properties Limited (Redefine or the group) is a Real Estate Investment Trust (REIT). It has a sectoral and geographically diversified property asset platform valued at R101.2 billion (FY25 R103.2 billion). Redefine's portfolio is predominantly anchored in South Africa through directly held and managed retail, office and industrial properties, complemented by a strong presence in retail, logistics and self-storage property assets in Poland. Redefine's purpose is to create and manage spaces that transform lives. This goal demands more than a business-as-usual approach. It requires an integrated strategy that prioritizes people and purpose, guiding our decisions to ensure sustainable value creation for all stakeholders. By focusing on what matters most and executing on our strategic priorities, we aim to make a meaningful and lasting impact. Redefine is listed on the Johannesburg Stock Exchange (JSE) with a market capitalization of R49.9 billion (FY25 R36.0 billion). By volume, Redefine's shares are among the most actively traded in the SA REIT sector, making it a highly liquid, single-entry point for investors to gain exposure to the South African and Polish real estate markets. Redefine's local property asset platform is valued at R67.8 billion (FY25 R66.8 billion). The offshore real estate investments are valued at R33.4 billion (FY25 R36.4 billion), representing 32.9% (FY25 35.3%) of the group's total property asset platform, which provides geographic diversification through assets in Poland. The 2.0% decrease in the value of the property asset platform during the period was mainly attributable to foreign currency translation losses arising from rand appreciation as well as the part-settlement of the ELI loan receivable and the disposal of non-core assets. The decrease was partially offset by fair value gains on investment properties and continued capital and development expenditure across the portfolio. Redefine Properties Limited was incorporated in 1999 in South Africa."
EXX,Thermal Coal,https://www.exxaro.com,9.59,12.36,15.44,19.11,7.5,"Exxaro Resources Limited engages in coal, pigment manufacturing, and renewable energy businesses in South Africa, Europe, Asia, and internationally. The company mines and supplies thermal coal, metallurgical coal, and semi-soft coking coal products primarily in the Waterberg and Mpumalanga regions; manufactures ferrosilicon powder; and provides iron ore. Its energy solutions business consists of 229 megawatts of wind power generation assets. The company was formerly known as Kumba Resources Limited and changed its name to Exxaro Resources Limited in November 2006. Exxaro Resources Limited was incorporated in 2000 and is based in Centurion, South Africa."
MRP,Apparel Retail,https://www.mrpricegroup.com,7.33,25.88,8.8,102.25,3.3,"Mr Price Group Limited, together with its subsidiaries, provides fashion-value merchandise in South Africa and internationally. It operates through five segments: Apparel, Homeware, Financial Services, Telecoms, and Central Services. The company offers clothing, sportswear, accessories, babywear, football supporters' gear, casual wear, schoolwear, underwear, footwear, sporting equipment, and cosmetics; home textiles, décor products, accessories, kitchen and dining products, furniture, and kids merchandise; and mobile devices and accessories, as well as value added services, such as airtime, data, electricity, and DStv and bus ticketing. It also provides fitness, outdoor and team sports performance, lifestyle products and equipment; and payment solutions, credit services, insurance products, and telecoms products. In addition, the company offers a private-label assortment of products, such as various homeware in home textiles; kitchenware and small appliances, table and barware products, bed and bath products, and outdoor and specialist food and drink products. It serves its customers through omnichannel retail distribution, as well as through its online channels. The company was founded in 1885 and is headquartered in Durban, South Africa."
NY1,Asset Management,https://ninetyone.com,7.35,28.53,23.61,14.85,13.5,"Ninety One Group operates as an independent global asset manager worldwide. It serves private and public sector pension funds, sovereign wealth funds, insurers, corporates, foundations, and central banks, as well as large retail financial groups, wealth managers, public and private equity as well as debt, private banks, and intermediaries. It seeks to invest in South African companies struggling with the economic fallout from the spread of coronavirus. Ninety One Group was founded in 1991 and is headquartered in Cape Town, South Africa with additional offices in Africa."
KST,Asset Management,https://www.psg.co.za,2.01,31.74,17.01,6.03,19.1,"PSG Financial Services Limited, together with its subsidiaries, provides various financial services and products in South Africa and Namibia. The company operates through three segments: PSG Wealth, PSG Asset Management, and PSG Insure. The PSG Wealth segment offers portfolio management, stockbroking, local and offshore investments, estate planning, financial planning, local and offshore fiduciary, multi-managed solutions, and retirement products to individuals, families, and businesses. The PSG Asset Management segment provides various investment products, including local and global investment products. The PSG Insure segment offers personal short-term insurance products, including home, car, and household insurance; and commercial insurance products, such as business and agri-insurance. The company was formerly known as PSG Konsult Limited and changed its name to PSG Financial Services Limited in August 2023. PSG Financial Services Limited was incorporated in 1993 and is headquartered in Bellville, South Africa."
TBS,Packaged Foods,https://www.tigerbrands.com,6.18,21.31,9.59,23.0,1.3,"Tiger Brands Limited engages in the manufacture and sale of fast-moving consumer goods in South Africa and internationally. It operates through Milling and Baking; Culinary; Snacks, Treats, and Beverages; and Home and Personal Care segments. The company offers wheat milling and baking; and culinary, Davita, and baby nutrition products. It operates under the Albany, All Gold, Black Cat, Crosse & Blackwell, DOOM, Energade, Fatti's & Moni's, Ingrams, Jungle Oats, KOO, Maynards, Mrs H.S Balls, Oros, PURITY, Tastic, and Benny brands. The company also exports its products to approximately 22 countries. Tiger Brands Limited was founded in 1921 and is based in Midrand, South Africa."
BOX,Department Stores,https://www.boxer.co.za,1.73,59.09,3.33,164.54,5.9,"Boxer Retail Limited engages in the retail of food, health and beauty products, general merchandise, and liquor in South Africa and Eswatini. It is involved in retail operations under the Boxer Superstores, Boxer Build, and Boxer Liquors brands. The company was founded in 1977 and is based in Westville, South Africa. Boxer Retail Limited operates as a subsidiary of Pick n Pay Retailers Proprietary Limited."
DRD,Gold,https://www.drdgold.com,5.72,39.35,38.13,0.09,49.8,"DRDGOLD Limited, a gold mining company, engages in the extraction of gold from the retreatment of surface mine tailings in South Africa. It sells gold and silver bullion. It is involved in provision care and maintenance services; produces renewable power; employee home loans; and operation of training center. The company was formerly known as Durban Roodepoort Deep Limited and changed its name to DRDGOLD Limited in 2004. The company was incorporated in 1895 and is headquartered in Johannesburg, South Africa. DRDGOLD Limited is a subsidiary of Sibanye Gold Limited."
VKE,REIT - Retail,https://www.vukile.co.za,5.97,18.71,93.65,65.36,19.6,"Vukile Property Fund Limited, the leading specialist retail real estate investment trust (REIT). Through its 99.5% held Spanish subsidiary Castellana Properties, has acquired the largest shopping centre in Spain Valencia province, the iconic Bonaire Shopping Centre, from multinational retail REIT Unibail-Rodamco-Westfield. The purchase consideration of EUR 305 million represents an attractive entry yield of approximately 7%. Vukile Property Fund Limited was formed in 2002 and is based in South Africa."
WHL,Department Stores,https://www.woolworthsholdings.co.za,5.36,22.19,2.8,180.75,3.1,"Woolworths Holdings Limited, through its subsidiaries, operates a chain of retail stores in South Africa, Australia, and New Zealand. It operates through seven segments: Woolworths Fashion, Beauty and Home; Woolworths Food; Woolworths Logistics; Country Road Group; Woolworths Financial Services; and Treasury. The company provides food, clothing, homeware, beauty, and other lifestyle products. It offers financial products and services, such as store cards, credit cards, personal loans, and other financial products. In addition, the company is involved in the cash and debt management activities. Woolworths Holdings Limited was incorporated in 1929 and is based in Cape Town, South Africa."
ARI,Other Industrial Metals & Mining,https://arm.co.za,8.6,8.38,26.22,0.25,24.1,"African Rainbow Minerals Limited, through its subsidiaries, operates as a diversified mining and minerals company in South Africa, Malaysia, and Switzerland. It explores for platinum group metals, nickel, coal, iron ore, copper, manganese ore, and chrome, as well as gold deposits. African Rainbow Minerals Limited was incorporated in 1933 and is based in Sandton, South Africa."
FFB,Real Estate Services,https://www.fortressfund.co.za,7.12,15.74,79.58,78.27,-2.6,"Fortress is a real estate investment company with a focus on developing and letting premium-grade logistics real estate in SA and CEE, as well as growing our convenience and commuter-oriented retail portfolio. Fortress also holds, at the date of this report, a 16,2% interest in NEPI Rockcastle, the largest listed property company on the JSE, with a EUR7 billion portfolio across nine CEE countries. This holding reduced from 24,2% at 31 December 2023 to 16,2% at the date of this report."
SRE,Real Estate Services,https://www.sirius-real-estate.com,6.32,12.83,65.19,76.73,15.6,"Sirius Real Estate Limited engages in the investment, development, and operation of commercial and industrial properties in Germany and the United Kingdom. It owns and manages offices; warehouses, storerooms, and self-storage products; production and workshop spaces; and business parks and lettable space. The company serves individuals tenants, corporations, and small and medium-sized enterprises under the Sirius and BizSpace brands. The company was formerly known as Dawnay, Day Sirius Limited and changed its name to Sirius Real Estate Limited in October 2008. Sirius Real Estate Limited was incorporated in 2007 and is based in Saint Peter Port, Guernsey."
PMR,Packaged Foods,https://www.premierfmcg.com,1.85,17.93,7.36,28.41,6.8,"Premier Group Limited operates as a consumer packaged goods company in South Africa and internationally. It operates through Millbake, and Groceries and International segments. The company offers sugar-based confectionery products; meal solutions, including ready meals, pies and pastry-based, dairy, fruit juices; and food products, such as jams, fruits, salads, vegetables, meat, and dry packaged foods; and wheat flour, maize meal, pasta, biscuits, and animal feeds products. It also provides animal feeds, feminine hygiene, skincare, and other personal care products that include intimate care, menstrual, and cotton wool products. In addition, the company engages in food processing; commodity trading; distributes rice; investment and property holding; baking; sales and distribution; and management services; and sale of dry foods. It sells its products under Bakers Pride, BB Bakeries, Big Jack, aah Bisto, Blue Ribbon, Buffalo, Bull, Candy Tops, Celeste, Champion, Cream Biscuits, CIM, Crown Select, Dourado, Dove Cotton, Dr. Whites, Favorita, Fepro, Florbela, Frutus, Pakco Gold Dish, Hazeldene, Hinds Spices, Impala, Invicta, Iwisa No.1, Ligugu, Lil-Lets, Magpie, Mama's, Man's meal, Mandla Mahewu, Manhattan, Mega Star, Mister Bread, Mister Sweet, Nyala, Pakco, Polana, Premier Braaipap, Rascals, Rhodes, Snowflake, Squish, S.U.B., Star Bakeries, Sunblest, Super C, Super Sun, Today, Top Score, and Vulco brands. Premier Group Limited was founded in 1824 and is headquartered in Waterfall, South Africa."
AVI,Packaged Foods,https://www.avi.co.za,9.84,45.73,15.78,32.0,-2.6,"AVI Limited manufactures, processes, markets, and distributes branded consumer products in the food, beverage, footwear, apparel, and cosmetics sectors in South Africa, other African countries, Europe, and internationally. It operates through Entyce Beverages, Snackworks, I&J, Personal Care, and Footwear and Apparel segments. The company provides hot beverages, such as tea, coffee, and creamer; sweet and savoury biscuits; baked and fried potato, and maize snacks; personal care products, including body spray, fragrance, cosmetics, and body lotion products; footwear and apparel; and catches, processes, markets, and distributes seafood. It offers beverages under the Five Roses, Freshpak, TRINCO, Ellis Brown, HOUSE OF COFFEES, Koffiehuis, ciro, LAVAZZA, and frisco brands; biscuits and snacks under the BAKERS, Willards, Baker Street, and PROVITA brands; frozen food under the I&J brand; and personal care products under the YARDLEY, Exclamation, and LENTHÉRIC brand names. The company also provides fashion products under the SPITZ, KURT GEIGER, LACOSTE, CARVELA, TOSONI, GANT, and Green Cross GX&Co brands. AVI Limited was incorporated in 1944 and is based in Johannesburg, South Africa."
ADH,Education & Training Services,https://www.advtech.co.za,2.43,21.56,14.18,30.9,8.0,"ADvTECH Limited engages in the provision of education, training, and staff placement services in South Africa and other African countries. The company operates through Schools, Tertiary, and Resourcing segments. The Schools' division offers pre-primary, primary, and secondary education services through face to face and online learning under the Crawford International, Pinnacle Colleges, Trinityhouse, Abbotts College, Junior Colleges, the Bridge Assisted Learning School, and Evolve Online School brands, as well as Gaborone International School, Flipper International School, and Makini Schools brands. The Tertiary segment provides education services on diploma, degree, and postgraduate levels through face-to-face, online, and distance learning under the Independent Institute of Education (IIE), Vega School, Varsity College, Rosebank College, IIE MSA, IIE School of Hospitality & Service Management, Capsicum Culinary Studio, and the Oxbridge Academy brands. The Resourcing segment offers placement solutions in the areas of information technology (IT), finance, and engineering; and payroll and compliance solutions under the Network Recruitment, Communicate Recruitment, Network Contracting Solutions, the Working Earth, Africa HR Solutions, and the CA Global Africa Recruitment brands. ADvTECH Limited was incorporated in 1990 and is based in Sandton, South Africa."
TKG,Telecom Services,https://www.telkom.co.za,5.13,10.21,7.92,40.5,-0.7,"Telkom SA SOC Ltd operates as an integrated communications and information technology (IT) services provider in South Africa, the United States, the United Kingdom, rest of Europe, and internationally. It operates through Openserve, Telkom Consumer, and BCX segments. The company offers mobile and fixed-line telecommunication services, including broadband, optical and carrier, business-to-business connectivity, interconnect-based services, broadband data, voice, content, and gaming solutions; and small and medium entity information, communication, and technology solutions, as well as business mobility, global telecommunication, CPE-related services, converged communication, managed application-centric data networking, managed local area networking, unified collaboration as a service, and internet and value-added services. It also provides IT, advertising, digital and social media advertising, e-commerce, and omni-channel services; and printed directory and international maritime services. In addition, the company rents network equipment, property, and vehicles; and offers insurance products and services. It serves residential, business, government, wholesale, and corporate customers. Telkom SA SOC Ltd was incorporated in 1991 and is headquartered in Centurion, South Africa."
RES,REIT - Retail,https://www.resilient.co.za,7.07,20.21,,55.02,5.7,Resilient REIT Limited is a retail-focused Real Estate Investment Trust (REIT) listed on the JSE Limited (JSE). Its strategy is to invest in dominant retail centres with a minimum of three anchor tenants and let predominantly to national retailers. A core competency is its strong development skills which support new developments and the reconfiguration of existing shopping centres to adapt to structural changes in the market. Resilient also invests directly and indirectly in offshore property assets. The Company's focus is on regions with strong growth fundamentals. Resilient generally has the dominant offering in its target markets with strong grocery and flagship fashion offerings. Resilient REIT Limited was incorporated in 2002 in South Africa.
HYP,REIT - Retail,https://www.hyprop.co.za,5.71,14.75,72.43,52.77,4.4,"Hyprop Investments Limited is a South African based specialist retail property fund with high-quality portfolios in South Africa and Eastern Europe, and is listed on the Johannesburg Stock Exchange (JSE) and A2X as a Real Estate Investment Trust (REIT) with a market capitalisation at 30 June 2025 of R17.1bn. The Group holds interests in a R42bn portfolio of shopping centres in South Africa (SA) and Eastern Europe (EE). The SA portfolio includes super regional centre Canal Walk, large regional centres Clearwater, The Glen, Woodlands Boulevard, Cape Gate, Somerset Mall, Rosebank Mall and Table Bay Mall, and small regional centre Hyde Park Corner. The Group's EE portfolio comprises The Mall in Sofia, Bulgaria, City Center one East and City Center one West, both in Zagreb, Croatia, and Skopje City Mall in Skopje, North Macedonia. Hyprop Investments Limited was incorporated in 1987 in South Africa."
DCP,Pharmaceutical Retailers,https://dischemgroup.com,1.19,18.96,2.29,116.57,9.9,"Dis-Chem Pharmacies Limited, together with its subsidiaries, engages in the retail and wholesale of healthcare products and pharmaceuticals in South Africa. The company operates through two segments: Retail and Wholesale. It owns and operates a chain of retail stores that offers various products, including dispensaries, personal care and beauty, healthcare and nutrition, baby care, and other products. The company also provides pharmaceutical, health, and front shop products in the wholesale market, health insurance products, occupational health clinics, and a psychological wellbeing platform. In addition, it offers customer loyalty programs. The company was founded in 1978 and is headquartered in Midrand, South Africa."
BYI,Software - Infrastructure,https://www.bytes.co.uk,2.33,57.25,23.25,2.44,0.7,"Bytes Technology Group plc offers software, security, AI, and cloud services in the United Kingdom, Europe, and internationally. It sells servers, laptops, and other devices; various cloud-based and non-cloud-based licenses; and subscriptions and software assurance products. The company also offers externally and internally training and consulting services; cyber security; digital workspace; hybrid infrastructure; public cloud; and software asset management. The company was founded in 1982 and is headquartered in Leatherhead, the United Kingdom"
NTC,Medical Care Facilities,https://www.netcare.co.za,4.96,17.55,6.84,124.95,4.8,"Netcare Limited, an investment holding company, operates private hospitals in South Africa. It operates through Hospital and Emergency Services, and Primary Care segments. The Hospital and Emergency Services segment engages in the hospital and pharmacy operations. Its operations covers its private acute hospital network and day clinics; and non-acute services, including emergency medical services, mental health clinics operation, diagnostics support services, and cancer care services, as well as sells healthcare products. The Primary Care segment offers healthcare services, and employee health and wellness services, as well as administrative services to medical and dental practices. It also engages in the financing, property owning, and pharmaceutical services. It operates through a network of acute hospitals, netcare 911 sites, cancer care centres, haematology centres, renal dialysis facilities, dialysis stations, point of care devices, mental health hospitals, primary health care facilities, and occupational health service contracts, as well as insurance products, and prepaid procedures and healthcare vouchers. Netcare Limited was incorporated in 1996 and is headquartered in Sandton, South Africa."
DTC,Information Technology Services,https://www.datatec.com,4.99,17.93,2.5,113.61,3.8,"Datatec Limited, together with its subsidiaries, provides information and communication technology (ICT) solutions and services in North America, Europe, the Asia-Pacific, Africa, and the Middle East. It operates through Westcon International, Logicalis International, and Logicalis Latin America segments. The company cyber security, network infrastructure, unified collaboration products, data centre solutions, and channel services, and financing/leasing solutions for ICT customers, as well as digital services. It also distributes security and networking products. Datatec Limited was founded in 1986 and is headquartered in Sandown, South Africa."
GND,Integrated Freight & Logistics,https://www.grindrod.com,1.7,13.0,21.09,31.84,19.1,"Grindrod Limited, together with its subsidiaries, engages in the logistics services business in the Middle East, Singapore, Asia, the Far East, Australia, South Africa, and Rest of Africa. The company operates through Ports and Terminals; Logistics; Group; Private Equity and Property; and Marine Fuels segments. It engages in the provision of logistics solution for mining, agricultural, new energy commodities and project cargo; import and export solutions; and financing, constructing, rehabilitating, operating, and maintaining the ports. The company also provides dry bulk services, such as storage, cargo flow management, ship loading or discharging, stevedoring, clearing and forwarding, stock management, and rail scheduling; and car terminal services, including terminal handling, stevedoring, tallying, inspection and vehicle surveys, preservation, storage and managing of project cargo, and other value-added services. In addition, it offers cross dock and bonded warehousing solutions comprising containerization of bulk commodities, empty and full container depots, sales of gensets to the reefer market, container packing and unpacking, cargo handling, storage and distribution, and customs services; container depot services storage and handling of empty marine containers, mechanical and structural container repairs, cold treatment preparation for reefer containers, warranty repairs on reefer equipment, washing and cleaning of containers, empty container transport, gassing of containers, CA preparations - STERI preparations, port monitoring / on-board monitoring, reefer services, parts sales, and bonded and duty paid warehousing; ships agency and marine technical services; clearing and forwarding; and border and project logistics. Further, the company provides rail freight broking and consultancy and rolling stock advice and maintenance; road haulage services; seafreight; and air freight solutions. The company was founded in 1910 and is based in Durban, South Africa."
OMN,Conglomerates,https://www.omnia.co.za,3.84,12.98,5.73,12.59,9.2,"Omnia Holdings Limited, together with its subsidiaries, research, develops, manufactures, and supplies chemicals, specialised services, and solutions for the agriculture, mining, and chemicals application industries in South Africa, rest of Africa, and internationally. It operates through Agriculture RSA, Agriculture Rest of Africa, Agriculture International, Mining RSA, Mining International, and Chemicals segments. The company manufactures and trades in granular, liquid, and specialty fertilizers; humates and other biostimulants; and fulvates, kelp, microbial products. It also offers trace elements and plant health products to enhance crop health, yields, and soil health; and value-added services and solutions, as well as supplies raw materials and manufactured goods. In addition, the company provides blasting agents, bulk emulsion, and blended bulk explosives; AXXIS, an electronic detonator system and software; mining chemicals; and offers SHEQ-related services. It serves commercial and small-scale farmers, co-operatives, and other corporate clients; retail customers and government support programmes; and water, agriculture, industrial, and life sciences sectors. Omnia Holdings Limited was founded in 1953 and is based in Sandton, South Africa."
MTH,Auto & Truck Dealerships,https://www.motus.co.za,6.31,14.83,2.56,115.22,-1.0,"Motus Holdings Limited provides automotive mobility solutions and vehicle-related products and services in South Africa, the United Kingdom, Australia, and Asia. The company operates Import and Distribution; Retail and Rental; Mobility Solutions; and Aftermarket Parts segments. It imports and distributes passenger and light commercial vehicles (LCVs), and parts to a network of dealerships, vehicle rental companies, fleets, and government institutions; retails new and pre-owned passenger and commercial vehicles; sells parts and accessories; rental of passenger vehicles and LCVs; provides servicing and maintenance of vehicles; and provides treasury management, fleet management, telemetry, and business process outsourcing services. The company also distributes, wholesales, and retails parts and accessories for out-of-warranty vehicles; and develops, administers, and distributes vehicle-related financial products and services, as well as act as an agent and on-sellers of VAPS and vehicle finance for mobility solutions and other third-party product providers. Motus Holdings Limited was founded in 1948 and is based in Bedfordview, South Africa."
LTE,Real Estate Services,https://www.lighthouse.mt,6.62,10.53,61.24,71.42,10.9,"Lighthouse Properties p.l.c. engages in property investments and operations business in Spain, Portugal, and France. Its property portfolio includes retail assets. The company invests in dominant and defensive malls, enhances property value through redevelopment and refurbishment, attracts and retains top-tier tenants, and builds strong stakeholder engagement. The company was formerly known as Lighthouse Capital Limited and changed its name to Lighthouse Properties p.l.c. in December 2021. Lighthouse Properties p.l.c. was incorporated in 2014 and is based in Sliema, Malta."
LHC,Medical Care Facilities,https://www.lifehealthcare.co.za,4.97,14.29,26.69,40.31,2.3,"Life Healthcare Group Holdings Limited, an investment holding company, operates as a private healthcare company in Southern Africa. It operates through Southern Africa  Hospitals Services, Southern Africa - Complementary Services, Southern Africa - Healthcare Services, and International segments. The company operates acute hospitals; and Life Nkanyisa care centres that provide long-term chronic mental healthcare, frail care rehabilitation, step-down care, correctional services, primary healthcare, and substance abuse recovery programme services to patients in the public sector. It also offers mental health, acute rehabilitation, renal dialysis, oncology, and diagnostics services; and training for pharmacists, pharmacists' assistants, and nurses. In addition, the company provides nursing and pharmacy services; and health and well-being, occupational health, emergency medical, and complementary and advisory services. Further, it retains the right to manufacture, commercialise, and distribute Life Molecular Imaging (LMI) products, such as early-stage novel radiotherapeutic and radio diagnostic products in Africa. The company was formerly known as Afrox Healthcare Limited and changed its name to Life Healthcare Group Holdings Limited in January 2005. Life Healthcare Group Holdings Limited was founded in 1983 and is headquartered in Johannesburg, South Africa."
TFG,Department Stores,https://www.tfglimited.co.za,5.56,5.21,2.11,100.69,2.7,"The Foschini Group Limited, together with its subsidiaries, operates retail stores in South Africa and internationally. The company operates through TFG Africa, TFG London, and TFG Australia segments. It provides clothing, leisurewear, accessories, lingerie, footwear, cosmetics, fine jewellery, furniture, Homeware and furniture, sporting apparel, and kidswear. The company offers its products under the Home, American Swiss, Homelivingspace, Archive, BeautyBox, Bash, The Bed Store, Connor, Coricraft, Dial-a-Bed, Exact, Fabiani, The FIX, Foschini, Galaxy & Co., Granny Goose, G-Star RAW, Hi, JD, Hobbs, Jet, Jet Home, Johnny Bigg, Markham, Phase Eight, White Stuff, Relay Jeans, RFO, Rockwear, Sneaker Factory, Sportscene, Inside Story, Sterns, Tarocash, Totalsports, Volpes, Whistles, and Yd brand names. It serves its products online. The company was formerly known as Foschini Limited and changed its name to The Foschini Group Limited in September 2010. The Foschini Group Limited was founded in 1924 and is headquartered in Cape Town, South Africa."
EQU,REIT - Industrial,https://www.equites.co.za,7.95,11.26,51.73,53.58,-29.3,"Equites Property Fund Limited (Equites) is a South African REIT. It has a clear focus on being a market leader in the logistics property market by developing and acquiring A-grade, modern logistics facilities in prime locations in South Africa and the United Kingdom. Equites listed on the Johannesburg Stock Exchange (JSE) on 18 June 2014 with a portfolio value of R1 billion and has since grown to a portfolio value to R19.3 billion 28 February 2021. The group continues to grow its portfolio through a significant development pipeline and high-quality acquisitions. Equites is the only listed property entity on the JSE to provide shareholders with pure exposure to prime logistics assets. Equites Property Fund Limited was established on May 20, 2013, and incorporated in South Africa."
TRU,Apparel Retail,https://www.truworths.co.za,11.17,25.33,12.47,64.76,-0.4,"Truworths International Limited, an investment holding and management company, engages in the retail of fashion apparel and accessories. It operates through Truworths Africa and Office UK segments. The company offers accessories, bags, bottoms, jackets and coats, jewellery and watches, shoes, sleepwear, tops, and Gifts for women, men and kids. It also provides purses, denim, dresses, lingerie, maternity, formals, and co-ord sets for women; wallets, suiting, and underwears for men; kids multipacks for kids. In addition, the company offers fragrances for men and women, and kids; skincare, such as cleansing, moisturisers, bath and body, gifting, special treatments, mens grooming, and suncare; and makups for eyes, gifting, lips, face, and nails. Further, it provides homeware, including blankets and throws; duvet covers and inners; sheeting; pillowcases; pillows for bedroom; bathmats; bathroom accessories; home fragrances; towels; and bathroom fragrance for bathroom; and curtains, decor, rugs, scatter cushions, dining, the flower shop, and kitchen accessories for living; and soft toys for kids. Additionally, the company offers its products under various ranges of brands through a network of stores, concession outlets, wholesale partnerships, and an ecommerce channel. Truworths International Limited was founded in 1917 and is based in Cape Town, South Africa."
FTB,REIT - Retail,https://www.fairvest.co.za,7.28,15.86,61.77,38.42,18.1,"Fairvest Limited (Fairvest) is a diversified South African Real Estate Investment Trust (REIT) focused on creating long-term shareholder value. Fairvest holds a portfolio of 130 retail, office and industrial properties valued at R13.4 billion (held directly and through subsidiaries). The average value per property held as of 30 September 2025 was R103.3 million. As of 30 September 2025, Fairvest held a 23.6% interest (2024: 5.0%) in Dipula Properties Limited (Dipula). As of 30 September 2025, Fairvest held a 79.9% interest (2024: 0%) in Onepath Investments (RF) Proprietary Limited (Onepath). Onepath owns fibre infrastructure in townships which is rented to a fibre network operator to provide high quality internet access to township homes and communities. Fairvest Limited was incorporated in 1998 in South Africa."
CML,Asset Management,https://www.coronation.com,10.71,68.76,38.72,18.73,7.6,"Coronation Fund Managers Limited is a publicly owned investment manager. The firm provides its services to pension and provident funds, medical schemes, unit trusts, banks, insurers and other fund managers, international retirement funds, endowments and family offices. It launches and manages equity, fixed income, and balanced mutual funds. The firm invests in the public equity and fixed income markets across the globe. It employs fundamental analysis with bottom-up stock picking approach. Coronation Fund Managers Limited was founded in 1993 and is based in Cape Town, South Africa with additional office in London, United Kingdom and Dublin, Ireland."
TGA,Thermal Coal,https://www.thungela.com,9.1,-28.6,-19.85,0.44,2.4,"Thungela Resources Limited engages in the mining and production of thermal coal in South Africa and Australia. It owns interests in and produces its thermal coal from mining operations, consisting of underground and open cast mines in the Mpumalanga province of South Africa, including Greenside colliery, Khwezela colliery, Zibulo colliery, Mafube colliery, and Annea colliery. The company also holds 100% of the Ensham Mine located in Queensland, Australia. It also exports its products to Southeast Asian, the Middle East, and African markets. Thungela Resources Limited was founded in 1945 and is based in Johannesburg, South Africa."
PIK,Department Stores,https://www.pnp.co.za,,-1.78,-0.59,175.0,-2.4,"Pick n Pay Stores Limited, an investment holding company, engages in the retail of food, health and beauty products, general merchandise, clothing, liquor, and additional value-added-services in South Africa and Rest of Africa. It owns and franchises hypermarkets, supermarkets, clothing stores, liquor stores, superstores, build stores, and express stores. The company also offers its products online. The company was founded in 1967 and is based in Cape Town, South Africa."
MSP,Real Estate - Diversified,https://www.masrei.com,,5.16,59.3,35.23,0.2,"MAS P.L.C. is a property investor and operator listed on the main board of the Johannesburg Stock Exchange and with a secondary listing on A2X Limited. The group is internally managed, combining investment, acquisition, leasing, asset and property management, marketing, and finance skills. Capital previously invested in WE will be reinvested directly in income property in CEE and indirectly, on a downside protected basis, in developments via further preference shares in the DJV with co-investor, developer and general contractor Prime Kapital. MAS P.L.C. was founded in 2008 in Malta."
SDO,Education & Training Services,https://stadio.co.za,1.13,16.37,17.79,11.73,12.5,"Stadio Holdings Limited, through its subsidiaries, provides higher education programs in South Africa and Namibia. The company offers undergraduate programs, including higher certificates, diplomas, and degrees; and post-graduate programs, such as honors and master's degrees, and doctorates through contact and distance learning modules. It also provides programs across its schools of accounting, business, commerce, financial planning and insurance, and banking and investment; administration and management; education; film; architecture and spatial design; media and design; fashion; information technology; law; policing and law enforcement; arts and humanities; live performance and creative writing; and engineering. In addition, the company operates the STADIO Higher Education, Milpark Education, and AFDA higher education institutions. Stadio Holdings Limited was incorporated in 2016 and is based in Cape Town, South Africa."
JSE,Financial Data & Stock Exchanges,https://www.jse.co.za,6.26,25.64,31.8,3.65,14.1,"JSE Limited operates as a stock exchange in South Africa. It offers international securities identification number (ISIN) and national numbering agency (NNA) related services, regulatory compliance services in post-trade activities, capital market, and colocation and connectivity services; and operates training academy. The company was founded in 1887 and is based in Johannesburg, South Africa."
ATT,REIT - Diversified,https://www.attacq.co.za,6.0,10.5,46.06,41.74,9.6,"Attacq Limited is a South African Real Estate Investment Trust (REIT), listed on the JSE Limited (JSE) and A2X Markets. Attacq's purpose is to be a trusted, innovative and client-focused real estate precinct developer and owner, creating vibrant, people-first places that function effectively and unlock long-term sustainable growth, turning space into strategic advantage. Attacq's vision for the future, Horizon 2030, is centred around being a purpose-driven business, with 2026 focusing on the theme TRANSFORM as part of its broader mission to THRIVE, TRANSFORM, and TRANSCEND. Attacq's focus is on business drivers (1) Waterfall City, comprising its completed real estate portfolio, developments under construction and leasehold land; (2) Rest of South Africa, comprising the remainder of its South African completed real estate portfolio. Attacq' clear vision is supported by the strategic enablers of (1) Long-term growth through a sound capital structure; (2) A people-centric approach; (3) Operational excellence through an integrated digital business; (4) Client-focus and (5) Positive community and environmental impacts. Attacq Limited was established on January 01, 1997 and incoporated in South Africa."
HCI,Conglomerates,https://www.hci.co.za,1.21,8.9,10.5,33.64,2.5,"Hosken Consolidated Investments Limited, an investment holding company, operates media and broadcasting, gaming, transport, properties, coal mining, and branded products and manufacturing businesses in South Africa, Other African countries, the Middle East, Europe, and the United Kingdom. The company owns and operates hotel and leisure, such as casinos, hotels, galaxy, bingo sites, gaming machines, and vslots. It also involved in the operation of conference and exhibition, industrial, inner-city housing, mixed-use precincts, office, student accommodation, and retail properties. In addition, the company engages in textile and non-woven textile manufacturing, toy distribution, and property investment activities. Further, the company involved coal mining; oil and gas prospecting; and exploration and development of palladium. Hosken Consolidated Investments Limited was incorporated in 1973 and is based in Cape Town, South Africa."
WBC,Auto & Truck Dealerships,https://www.webuycars.co.za,2.21,30.12,3.34,69.32,8.0,"We Buy Cars Holdings Limited engages in buying, distributing, and retailing pre-owned motor vehicles in South Africa. It is involved in the sales of car finance, insurance, and other ancillary products, such as tracking devices, value added insurance products, and comprehensive motor insurance. The company also engages in the operation of car supermarket; and owns and rents warehouses. It sells its products through physical supermarkets and its digital platforms. The company was formerly known as WBC Holdings Proprietary Limited and changed its name to We Buy Cars Holdings Limited in March 2024. We Buy Cars Holdings Limited is based in Centurion, South Africa."
PPC,Building Materials,https://www.ppc.africa,3.8,14.6,8.09,11.86,1.4,"PPC Ltd, together with its subsidiaries, engages in the production and sale of cement, aggregates, ready mix concrete, and fly ash in South Africa, Botswana, and Zimbabwe. It also provides premixes, sand and crushed stones, road layer materials, and special aggregate-related products. The company was formerly known as Pretoria Portland Cement Company Ltd. and changed its name to PPC Ltd in October 2012. PPC Ltd was incorporated in 1892 and is based in Johannesburg, South Africa."
AEL,Information Technology Services,https://www.altron.com,5.14,18.64,7.48,36.55,1.3,"Altron Limited, together with its subsidiaries, engages in technology business in South Africa and rest of Africa. The company operates in three segments: Platforms, IT Services, and Distribution. Its platforms include Netstar offers vehicle tracking and recovery systems, fleet management services, and usage-based telematics; Altron FinTech offers debit order processing, payment and switching, card personalization and issuance, credit management software, and debit and credit card payment solutions, as well as person-to-person payments and value-added services to the consumer market; and Altron HealthTech offers practice management solutions in the healthcare industry and medical transaction switching. The company also provides networking, hardware, DevOps and modernization, data management, IT infrastructure solutions, security, IT as a service, cloud, artificial intelligence, data storage, data center infrastructure, and other solutions. In addition, it design, develop, and implement managed identity profile and cryptographic solutions for their clients across devices, platforms, and locations; distributes industrial electronic components, such as batteries and solar, lighting and optics, software and compilers, and semiconductors and aerospace products; and provides hardware and consumables to manage outsource print services, such as installation and training, paper and toner supplies, maintenance and services of equipment, and service contracts, as well as provides technology services, software, and supplies for production and office environments. The company was formerly known as Allied Electronics Corporation Limited and changed its name to Altron Limited in August 2021. Altron Limited was incorporated in 1947 and is headquartered in Johannesburg, South Africa."
SUI,Resorts & Casinos,https://www.suninternational.com,9.66,49.8,11.89,176.12,6.4,"Sun International Limited owns and operates casino, hotel, and resort properties in South Africa. It offers management services for businesses in the hotel, resort, casino, and gambling industry. The company is also involved in the gaming route operation and related activities; and online sports betting and gaming business. Sun International Limited was founded in 1966 and is headquartered in Sandton, South Africa."
AFE,Specialty Chemicals,https://www.aeciworld.com,2.41,3.37,1.23,36.65,-3.9,"AECI Ltd, together with its subsidiaries, provides products and services for mining, water treatment, plant and animal health, food and beverage, manufacturing, and general industrial sectors. The company operates through four segments: AECI Mining, AECI Chemicals, AECI Managed Businesses, and AECI Property Services and Corporate. The AECI Mining segment provides mine-to-mineral solutions for the mining sector, which includes commercial explosives, initiating systems, and blasting services, as well as surfactants for explosives manufacture. The AECI Chemicals segment supplies industrial and speciality chemical products; water treatment chemicals; and technology, equipment, and plant and crop protection products, as well as plant nutrients. The AECI Managed Businesses segment supplies products and services to customers in agriculture, industrial, manufacturing, road infrastructure, food and beverage, public water, and animal feed and products, as well as the textile sector. The AECI Property Services and Corporate segment offers property leasing and management services in the office, industrial, and retail sectors. It operates in South Africa, rest of the African continent, Europe, Asia, North America, South America, and Australia. AECI Ltd was founded in 1894 and is based in Sandton, South Africa."
SAC,REIT - Diversified,https://www.sacorporatefund.co.za,7.96,6.93,25.83,71.91,3.0,"SA Corporate Real Estate Limited (SA Corporate) is a JSE-listed Real Estate Investment Trust (REIT) and, together with its subsidiaries (SA Corporate Group), owns a diversified portfolio of quality industrial, retail and residential buildings, primarily located in the major metropolitan areas of South Africa, with a secondary node in Zambia. As of May 2026, the property portfolio consisted of 241 properties, with 1.6 million of gross lettable area (GLA m²), valued asset under management valued at R20.4 billion and exposure to direct and listed property valued at R18 billion excluding exposure to direct and listed property valued at R1.7 billion in Zambia). SA Corporate Real Estate Limited was incorporated in 1995 in South Africa."
RLO,Electrical Equipment & Parts,https://reunert.com,6.64,12.09,6.35,15.14,1.5,"Reunert Limited operates in the fields of electrical engineering, information communication technologies (ICT), and applied electronics in South Africa, rest of Africa, the United States, Australia, Asia, and Europe. Its Electrical Engineering segment designs, manufactures, installs, and maintains power cables; manufactures and supplies low-voltage distribution, protection, and control equipment, as well as supplies high and medium-voltage switchgears. This segment is also involved in the wheeling business. The company's ICT segment offers office equipment, communication equipment, automation products, and related devices; cloud-based virtual private branch exchange (VBX) offerings, hosted call recording, and business internet access products; converged networking, communications, and security solutions; and wireless, fibre, satellite, and LTE connectivity solutions, as well as consulting services, digital solutions, managed services, and cloud services. Its Applied Electronics segment provides search and tracking radar systems; radar sensor systems; ground and naval search and tracking radar systems; communication systems; cryptographic products and solutions; electronic components and printed circuit boards; remote controlled stabilized weapons platforms; and energy engineering and storage solutions. This segment also offers military and commercial products, including technology solutions; and electronic manufacturing services. It serves municipalities, parastatals, utilities, the mining and building industries, corporate and retail customers, small to medium-sized enterprises (SMEs), government, and state-owned entities, and defense forces. Reunert Limited was founded in 1888 and is headquartered in Sandton, South Africa."
SPP,Food Distribution,https://www.spar.co.za,,5.76,-0.32,311.6,3.6,"The SPAR Group Ltd engages in the wholesale and distribution of goods and services to grocery stores and other group retail outlets in South Africa and internationally. The company offers fresh produce, in-store bakery, butchery, deli, ready-to-eat meals, home-meal replacements, groceries, general merchandise, baked foods, liquor products, building and hardware products, coffee, dispensary and health-related products, confectionery, health and beauty, frozen foods, catering products, wines, and non-food items. The SPAR Group Ltd operates stores under the SUPERSPAR, SPAR, KWIKSPAR, SPAR EXPRESS, PHARMACY at SPAR, TOPS at SPAR, and SAVEMOR brands. The company was founded in 1932 and is headquartered in Pinetown, South Africa."
OCE,Packaged Foods,https://www.oceana.co.za,4.43,9.23,7.35,29.21,-6.0,"Oceana Group Limited operates as a fishing and food processing company in South Africa, Namibia, rest of Africa, North America, Europe, the Far East, and internationally. It engages in catching, processing, and procuring various marine species, including pilchard, anchovy, redeye herring, Gulf menhaden, lobster, squid, horse mackerel, and hake, as well as processing of meat, chicken, and vegetable products. The company also markets and sells canned fish, fishmeal, and fish oil products, as well as frozen and fresh products. Oceana Group Limited was incorporated in 1918 and is headquartered in Cape Town, South Africa."
BAT,Asset Management,https://www.brait.com,,10.82,73.66,21.45,276.6,"Brait PLC, together with its subsidiaries, engages in the investment business in Mauritius and internationally. It invests in privately owned businesses. The company was founded in 2011 and is based in Moka, Mauritius."
SSS,REIT - Industrial,https://www.stor-age.co.za/cape-town,7.17,12.56,77.09,45.81,2.2,"Stor-Age Property REIT Limited is the largest self storage property fund and most recognizable brand in SA. The portfolio consists of 108 properties across SA (63) and the UK (45) as at June 2025, providing storage to more than 55 000 customers. The combined value of the portfolio, including properties managed in our JV partnerships, was R18.5 billion (SA  R6.6 billion, UK  500 million pounds) at 31 March 2025. The maximum lettable area, including the development pipeline and ongoing projects, exceeds 700 000m. The group employs more than 500 staff across SA and the UK. Stor-Age has been listed on the Johannesburg Stock Exchange since November 2015."
SAP,Paper & Paper Products,https://www.sappi.com,,-38.96,-15.44,123.51,1.0,"Sappi Limited, together with its subsidiaries, provides woodfiber-based renewable resources in Europe, North America, and South Africa. The company offers speciality paper; flexible packaging paper, paperboard, containerboard, release liner, label paper, functional papers, uncoated woodfree paper, coated and uncoated woodfree paper, coated mechanical paper, thinprint, inkjet paper, and label paper. It also offers dissolving pulp, graphic, packaging and speciality, casting, and release papers; forestry, and bio-energy materials. In addition, the company provides biomaterials, such as valida, lignin, and furfural, as well as engages in insurance business. Sappi Limited company was founded in 1936 and is based in Johannesburg, South Africa."
BTN,REIT - Diversified,https://www.burstone.com,9.75,8.43,39.51,73.19,1.4,"Burstone Group Limited is a fully integrated international real estate business with c. R40 billion gross asset value under management. Burstone listed on the Johannesburg Stock Exchange (South Africa) in 2011 and currently operates in South Africa, select European markets and Australia. The Group has a strong management track record of more than 30 years' operating in both local and international markets. The Group is globally diversified and has the capability to invest across all aspects of the real estate life cycle, partnering with specific capital partners for specific opportunities. The Group operates a hybrid model of traditional real estate investment, stapled with expertise across fund management, investment management, asset management and development management. This approach supports the Group's strategy of delivering enhanced returns on capital deployed and maximizing operational leverage from its scalable platform. Burstone strives to deliver purposeful and authentic client experiences with agility, speed and passion. The Group can identify potential that lies within something and then transform it into something of real value. Across all regions in which the Group operates, the manager has a presence on the ground with in-country expertise and adopts a hands-on approach to managing its properties. Burstone Group Limited is incorporated in 1974 in South Africa."
RBX,Engineering & Construction,https://www.raubex.com,5.83,15.52,4.99,36.34,10.7,"Raubex Group Limited engages in the infrastructure development and construction materials business in South Africa, Australia, rest of Africa, and internationally. The company operates through four segments: Materials Handling and Mining, Construction Materials, Roads and Earthworks, and Infrastructure. The Materials Handling and Mining segment is involved in the contract mining; contract crushing; materials handling and processing services for the mining industry. The Construction Materials segment produces and supplies aggregates from commercial quarries, asphalt, and value-added bituminous products. The Roads and Earthworks segment is involved in the road construction and earthworks, and road surfacing and rehabilitation activities, including laying of asphalt, chip and spray, surface dressing, enrichments, and slurry seals. The Infrastructure segment undertakes infrastructure projects, which includes renewable energy, telecommunications, facilities management, housing infrastructure, and commercial building refurbishment and construction projects. Raubex Group Limited was founded in 1974 and is headquartered in Bloemfontein, South Africa."
ARL,Farm Products,https://www.astralfoods.com,10.79,29.68,6.67,4.29,11.4,"Astral Foods Limited operates as an integrated poultry producer in South Africa and internationally. The company operates through Poultry and Feed segments. It also engages in the marketing, sale, and distribution of fresh and frozen poultry products; broiler genetics and integrated breeder; engaged in the abattoir and further processing operations; and sale of day-old chicks and hatching eggs. The company also produces and sells feed products for farmed animal species; and provides laboratory analytical services to the animal feed industry. It offers its products under the Goldi, County Fair, Festive, Meadow Feeds, National Chicks, Ross, CAL, Tiger Chicks, Tiger Animal Feeds, Mountain Valley, and Earlybird brands. The company was founded in 2001 and is based in Gauteng, South Africa."
WBO,Engineering & Construction,https://www.wbho.co.za,4.59,21.08,4.27,10.8,,"Wilson Bayly Holmes-Ovcon Limited engages in civil engineering and building construction activities in South Africa, the United States, Canada, the United Kingdom, Europe, and internationally. It undertakes construction of buildings, including retail, commercial offices, residential, healthcare, hotels and entertainment, warehousing and industrial, and data centres; civil engineering and infrastructure for industrial building, heavy industrial plants, reservoirs, water and effluent treatment plants, silos and towers, rails, mining, marine works, oil and gas, renewable energy, and nuclear work sectors; and roads and earthworks, such as road and bridges, bulk earthworks, water infrastructure and dams, energy, and rail and pipeline infrastructure projects. The company also undertakes construction of airports, toll roads, renewable energy, and serviced accommodation; and manufactures, supplies, and installs long-steel products. Wilson Bayly Holmes-Ovcon Limited was founded in 1970 and is headquartered in Johannesburg, South Africa."
BLU,Telecom Services,https://www.bluelabeltelecoms.co.za,6.72,-97.35,-35.13,236.0,-45.0,"Blu Label Unlimited Group Limited provides prepaid products and distributes virtual electronic merchandise in South Africa and internationally. It operates through Africa Distribution, International, and Solutions segments. The company provides voucher or PIN-based airtime, and PIN-less or direct top-up airtime; UniPIN, a PIN-based prepaid electricity voucher; and other various electronic vouchers for mobile services and water, as well as distributes prepaid SIM cards, and mobile devices and accessories. It also provides Cellfind messaging portals, financial services, and location-based services; hardware offerings include POS terminals, vending machines, and bulk vouchers; media advertising solutions comprising voucher and billboard advertising solutions; and outbound telemarketing, inbound customer care, technical support, and data and analytics services. In addition, the company offers ticketing solutions for sports, lifestyle events, concerts, travel, parks, and rides; access control and customer relationship management; mobile retail solutions; online bill payment; and mobile products, services, and content. It serves mobile networks, utilities, banks, retailers, petroleum companies, and point-of-sale device industries. The company was formerly known as Blue Label Telecoms Limited and change its name to Blu Label Unlimited Group Limited in September 2025. Blu Label Unlimited Group Limited was founded in 2001 and is headquartered in Johannesburg, South Africa."
KAP,Conglomerates,https://kap.co.za,,-0.13,-0.4,70.14,3.3,"KAP Limited engages in industrial, chemical, and logistics businesses in South Africa, rest of Africa, the Americas, Europe, the Middle East, and Australasia. It operates through six segments: PG Bison, Safripol, Unitrans, Feltex, Sleep Group, and Optix. The company manufactures and sells polyethylene terephthalate, high-density polyethylene, and polypropylene products. In addition, it offers foam, sprung, fabric, and industrial foams and mattresses, as well as provides technology-enabled driver behaviour management solutions. The company also operates timber plantations, a sawmill, a pole plant, and production facilities for wood-based decorative panel products. In addition, it provides automotive components for new vehicle assembly and aftermarket accessories. It serves consumer, agriculture, petrochemical, mining, and passenger transport sectors. KAP Limited was formerly known as KAP Industrial Holdings Limited and changed its name to KAP Limited in April 2023. KAP Limited is headquartered in Stellenbosch, South Africa."
SEA,REIT - Diversified,https://www.spearprop.co.za,6.98,17.18,93.83,37.85,19.9,"Spear REIT Limited listed as a Real Estate Investment Trust on the main board of the Johannesburg Stock Exchange. It is the only regionally focused REIT listed on the JSE that invests in high-quality income generating assets in the Western Cape. Spear obtains its diversification through asset type rather than geographical investment. The company conducts its business directly and through a few subsidiaries, collectively referred to as. The group's property and asset management functions are internally and directly managed by the Spear executive management team. Spear Reit Limited was incorporated in South Africa."
SPG,Integrated Freight & Logistics,https://supergroup.co.za,3.03,9.48,0.84,80.19,11.1,"Super Group Limited engages in the supply chain management, mobility, dealership, and fleet management activities in South Africa, sub-Saharan Africa, Europe, and the United Kingdom. It operates through seven segments: Supply Chain Africa, Supply Chain Europe, Fleet Africa, SG Fleet, Dealerships SA, Dealerships UK, and Services. The company provides supply chain services comprising primary and secondary distribution, multi-temperature-controlled product distribution, integrated distribution to the national convenience market, bonded cross-border transport, warehousing, supply chain optimisation and consulting, brand management, sales and merchandising, courier services, and procurement. It also offers fleet management solutions for specific transport and vehicle management needs of various customers; and various value-added services, such as driver, fuel, and tyre management; accident and insurance administration; fleet optimization and route planning; vehicle tracking and recovery; call center; and repair services. In addition, it provides end-to-end logistics, warehousing and customs clearance; and transportation and logistics solutions. Further, the company offers passenger and commercial vehicles. Super Group Limited was incorporated in 1943 and is headquartered in Sandton, South Africa."
FBR,Food Distribution,https://famousbrands.co.za,8.52,47.09,6.88,89.19,5.6,"Famous Brands Limited, through its subsidiaries, operates as a quick service and casual dining restaurant franchisor in the United Kingdom, South Africa, South African Development Community, the Middle East, and Rest of Africa. It operates through Brands and Supply Chain segments. The company operates franchised and company-owned restaurants under the Leading and Signature brands. It is also involved in the manufacture of meat, serviette, sauces and spices, ice cream, potato products, coffee grounds and beans, cheese, juices; and operation of retail outlets. In addition, it provides manufacturing and logistics services; and retail products, such as dressings and spice condiments, frozen meat products, frozen chips, and other value-added products. The company was formerly known as Steers Holdings Limited and changed its name to Famous Brands Limited in 2004. Famous Brands Limited was incorporated in 1969 and is headquartered in Midrand, South Africa."
